--Luiseida Corniel, Matricula: 11-EIIT-1-010
USE [master]
GO
/****** Object:  Database [CORNIEL03]    Script Date: 24/7/2018 4:35:52 p. m. ******/
CREATE DATABASE [CORNIEL03]

USE [CORNIEL03]
GO
/****** Object:  Table [dbo].[ARTICULOS]    Script Date: 24/7/2018 4:35:53 p. m. ******/
SET ANSI_NULLS ON
GO
SET QUOTED_IDENTIFIER ON
GO
CREATE TABLE [dbo].[ARTICULOS](
	[NUMEROARTICULO] [varchar](10) NOT NULL,
	[CODIGO] [varchar](10) NULL,
	[DETALLEARTICULO] [varchar](30) NULL,
PRIMARY KEY CLUSTERED 
(
	[NUMEROARTICULO] ASC
)WITH (PAD_INDEX = OFF, STATISTICS_NORECOMPUTE = OFF, IGNORE_DUP_KEY = OFF, ALLOW_ROW_LOCKS = ON, ALLOW_PAGE_LOCKS = ON) ON [PRIMARY]
) ON [PRIMARY]
GO
/****** Object:  Table [dbo].[CLIENTES]    Script Date: 24/7/2018 4:35:53 p. m. ******/
SET ANSI_NULLS ON
GO
SET QUOTED_IDENTIFIER ON
GO
CREATE TABLE [dbo].[CLIENTES](
	[CODIGO] [varchar](10) NOT NULL,
	[NOMBRES] [varchar](30) NOT NULL,
	[APELLIDOS] [varchar](30) NOT NULL,
	[DIRECCION] [varchar](20) NULL,
	[TELEFONO] [varchar](12) NULL,
PRIMARY KEY CLUSTERED 
(
	[CODIGO] ASC
)WITH (PAD_INDEX = OFF, STATISTICS_NORECOMPUTE = OFF, IGNORE_DUP_KEY = OFF, ALLOW_ROW_LOCKS = ON, ALLOW_PAGE_LOCKS = ON) ON [PRIMARY]
) ON [PRIMARY]
GO
/****** Object:  Table [dbo].[PEDIDOS]    Script Date: 24/7/2018 4:35:53 p. m. ******/
SET ANSI_NULLS ON
GO
SET QUOTED_IDENTIFIER ON
GO
CREATE TABLE [dbo].[PEDIDOS](
	[NUMEROPEDIDO] [int] NOT NULL,
	[NUMEROARTICULO] [varchar](10) NULL,
	[FECHAPEDIDO] [date] NULL,
PRIMARY KEY CLUSTERED 
(
	[NUMEROPEDIDO] ASC
)WITH (PAD_INDEX = OFF, STATISTICS_NORECOMPUTE = OFF, IGNORE_DUP_KEY = OFF, ALLOW_ROW_LOCKS = ON, ALLOW_PAGE_LOCKS = ON) ON [PRIMARY]
) ON [PRIMARY]
GO
INSERT [dbo].[ARTICULOS] ([NUMEROARTICULO], [CODIGO], [DETALLEARTICULO]) VALUES (N'01', N'01', N'LICUADORA')
INSERT [dbo].[ARTICULOS] ([NUMEROARTICULO], [CODIGO], [DETALLEARTICULO]) VALUES (N'02', N'02', N'TOSTATORA')
INSERT [dbo].[ARTICULOS] ([NUMEROARTICULO], [CODIGO], [DETALLEARTICULO]) VALUES (N'03', N'03', N'LAVADORA')
INSERT [dbo].[ARTICULOS] ([NUMEROARTICULO], [CODIGO], [DETALLEARTICULO]) VALUES (N'04', N'04', N'SECADORA')
INSERT [dbo].[ARTICULOS] ([NUMEROARTICULO], [CODIGO], [DETALLEARTICULO]) VALUES (N'05', N'05', N'BLOWER')
INSERT [dbo].[ARTICULOS] ([NUMEROARTICULO], [CODIGO], [DETALLEARTICULO]) VALUES (N'06', N'06', N'ESTUFA')
INSERT [dbo].[ARTICULOS] ([NUMEROARTICULO], [CODIGO], [DETALLEARTICULO]) VALUES (N'07', N'07', N'NEVERA')
INSERT [dbo].[ARTICULOS] ([NUMEROARTICULO], [CODIGO], [DETALLEARTICULO]) VALUES (N'08', N'08', N'RADIO')
INSERT [dbo].[ARTICULOS] ([NUMEROARTICULO], [CODIGO], [DETALLEARTICULO]) VALUES (N'09', N'09', N'COMEDOR')
INSERT [dbo].[ARTICULOS] ([NUMEROARTICULO], [CODIGO], [DETALLEARTICULO]) VALUES (N'10', N'10', N'MUEBLES')
INSERT [dbo].[CLIENTES] ([CODIGO], [NOMBRES], [APELLIDOS], [DIRECCION], [TELEFONO]) VALUES (N'01', N'CARLOS', N'MONTILLA', N'HERRERA', N'8097091078')
INSERT [dbo].[CLIENTES] ([CODIGO], [NOMBRES], [APELLIDOS], [DIRECCION], [TELEFONO]) VALUES (N'02', N'JULIO', N'ABAD', N'LAS PALMAS, HERRERA', N'8097094878')
INSERT [dbo].[CLIENTES] ([CODIGO], [NOMBRES], [APELLIDOS], [DIRECCION], [TELEFONO]) VALUES (N'03', N'CESAR', N'ABREU', N'PINTURA, HERRERA', N'8097088078')
INSERT [dbo].[CLIENTES] ([CODIGO], [NOMBRES], [APELLIDOS], [DIRECCION], [TELEFONO]) VALUES (N'04', N'CARLA', N'ARIAS', N'EL CAFE, HERRERA', N'8097096078')
INSERT [dbo].[CLIENTES] ([CODIGO], [NOMBRES], [APELLIDOS], [DIRECCION], [TELEFONO]) VALUES (N'05', N'PEDRO', N'HERRERA', N'SAN ISIDRO', N'8097691078')
INSERT [dbo].[CLIENTES] ([CODIGO], [NOMBRES], [APELLIDOS], [DIRECCION], [TELEFONO]) VALUES (N'06', N'JOSE', N'RODRIGUEZ', N'DISTRITO NACIONAL', N'8097961078')
INSERT [dbo].[CLIENTES] ([CODIGO], [NOMBRES], [APELLIDOS], [DIRECCION], [TELEFONO]) VALUES (N'07', N'JUAN', N'VALDEZ', N'CALLE 16, GUALEY', N'8097098078')
INSERT [dbo].[CLIENTES] ([CODIGO], [NOMBRES], [APELLIDOS], [DIRECCION], [TELEFONO]) VALUES (N'08', N'ANA', N'BRITO', N'CALLE 31, GUALEY', N'8097091258')
INSERT [dbo].[CLIENTES] ([CODIGO], [NOMBRES], [APELLIDOS], [DIRECCION], [TELEFONO]) VALUES (N'09', N'MARIA', N'PEREZ', N'CALLE ESPAILLAT', N'8097036078')
INSERT [dbo].[CLIENTES] ([CODIGO], [NOMBRES], [APELLIDOS], [DIRECCION], [TELEFONO]) VALUES (N'10', N'JULIA', N'PEÑA', N'VILLA TROPICALIA', N'8097781078')
INSERT [dbo].[PEDIDOS] ([NUMEROPEDIDO], [NUMEROARTICULO], [FECHAPEDIDO]) VALUES (0, N'10', CAST(N'2013-05-19' AS Date))
INSERT [dbo].[PEDIDOS] ([NUMEROPEDIDO], [NUMEROARTICULO], [FECHAPEDIDO]) VALUES (2, N'02', CAST(N'2013-05-11' AS Date))
INSERT [dbo].[PEDIDOS] ([NUMEROPEDIDO], [NUMEROARTICULO], [FECHAPEDIDO]) VALUES (3, N'03', CAST(N'2013-05-12' AS Date))
INSERT [dbo].[PEDIDOS] ([NUMEROPEDIDO], [NUMEROARTICULO], [FECHAPEDIDO]) VALUES (4, N'04', CAST(N'2013-05-13' AS Date))
INSERT [dbo].[PEDIDOS] ([NUMEROPEDIDO], [NUMEROARTICULO], [FECHAPEDIDO]) VALUES (5, N'05', CAST(N'2013-05-14' AS Date))
INSERT [dbo].[PEDIDOS] ([NUMEROPEDIDO], [NUMEROARTICULO], [FECHAPEDIDO]) VALUES (6, N'06', CAST(N'2013-05-15' AS Date))
INSERT [dbo].[PEDIDOS] ([NUMEROPEDIDO], [NUMEROARTICULO], [FECHAPEDIDO]) VALUES (7, N'07', CAST(N'2013-05-16' AS Date))
INSERT [dbo].[PEDIDOS] ([NUMEROPEDIDO], [NUMEROARTICULO], [FECHAPEDIDO]) VALUES (8, N'08', CAST(N'2013-05-17' AS Date))
INSERT [dbo].[PEDIDOS] ([NUMEROPEDIDO], [NUMEROARTICULO], [FECHAPEDIDO]) VALUES (9, N'09', CAST(N'2013-05-18' AS Date))
INSERT [dbo].[PEDIDOS] ([NUMEROPEDIDO], [NUMEROARTICULO], [FECHAPEDIDO]) VALUES (10, N'10', CAST(N'2013-05-19' AS Date))
ALTER TABLE [dbo].[ARTICULOS]  WITH CHECK ADD  CONSTRAINT [ART_CLI] FOREIGN KEY([CODIGO])
REFERENCES [dbo].[CLIENTES] ([CODIGO])
GO
ALTER TABLE [dbo].[ARTICULOS] CHECK CONSTRAINT [ART_CLI]
GO
ALTER TABLE [dbo].[PEDIDOS]  WITH CHECK ADD  CONSTRAINT [PED_ART] FOREIGN KEY([NUMEROARTICULO])
REFERENCES [dbo].[ARTICULOS] ([NUMEROARTICULO])
GO
ALTER TABLE [dbo].[PEDIDOS] CHECK CONSTRAINT [PED_ART]
GO
USE [master]
GO
ALTER DATABASE [CORNIEL03] SET  READ_WRITE 
GO